id_siniestro,id_poliza,id_asegurado,id_vehiculo,id_proveedor,ramo,cobertura,ciudad,fecha_ocurrencia,fecha_reporte,monto_reclamado,monto_estimado,monto_pagado,suma_asegurada,estado,descripcion,documentos_completos,etiqueta_fraude_simulada,fecha_inicio_poliza,fecha_fin_poliza,historial_siniestros_asegurado,score_heuristico,prediccion_ml,probabilidad_ml,score_final,nivel_riesgo,reglas_criticas_activadas,factores_principales,explicacion_final,accion_sugerida,mensaje_ia,en_lista_restrictiva
SIN-2026-1001,POL-2001,ASEG-028,,PROV-007,Hogar,Responsabilidad civil,Guayaquil,2025-10-11,2025-11-21,23976,17821,0,28968,Pendiente,Robo del vehículo estacionado en la vía pública durante la madrugada; el asegurado no presenta testigos ni evidencia adicional.,true,1,2025-03-08,2026-03-06,7,84,1,0.56,95,ROJO,RF-02,Reporte tardío del siniestro; Historial elevado de reclamos del asegurado; Monto reclamado atípico respecto a la suma asegurada,Se activaron reglas críticas (RF-02). El análisis heurístico arrojó un score de 95/100 (Reporte tardío del siniestro; Historial elevado de reclamos del asegurado; Monto reclamado atípico respecto a la suma asegurada). El modelo ML estimó una probabilidad de fraude del 56% al comparar con casos históricos similares. El caso presenta riesgo ALTO y requiere revisión prioritaria.,Derivar a investigación especializada y suspender el pago hasta verificación documental.,Este resultado es una estimación de apoyo basada en patrones y no constituye una acusación. Se recomienda priorizar la revisión humana presumiendo la buena fe del asegurado.,true
SIN-2026-1002,POL-2002,ASEG-030,VEH-002,PROV-007,Vehículos,Daños a terceros,Ambato,2025-12-10,2025-12-11,22962,19611,0,27945,En análisis,Robo del vehículo en estacionamiento no vigilado durante horas de la noche.,true,1,2025-04-07,2026-04-21,7,67,1,0.67,99,ROJO,RF-02,Historial elevado de reclamos del asegurado; Proveedor con historial recurrente de alertas; Monto reclamado atípico respecto a la suma asegurada,Se activaron reglas críticas (RF-02). El análisis heurístico arrojó un score de 99/100 (Historial elevado de reclamos del asegurado; Proveedor con historial recurrente de alertas; Monto reclamado atípico respecto a la suma asegurada). El modelo ML estimó una probabilidad de fraude del 67% al comparar con casos históricos similares. El caso presenta riesgo ALTO y requiere revisión prioritaria.,Derivar a investigación especializada y suspender el pago hasta verificación documental.,Este resultado es una estimación de apoyo basada en patrones y no constituye una acusación. Se recomienda priorizar la revisión humana presumiendo la buena fe del asegurado.,true
SIN-2026-1003,POL-2003,ASEG-017,,PROV-005,Salud,Hospitalización,Guayaquil,2025-12-08,2025-12-21,22391,20989,0,30079,Pendiente,Robo del vehículo estacionado en la vía pública durante la madrugada; el asegurado no presenta testigos ni evidencia adicional.,true,1,2025-05-16,2026-05-01,3,45,0,0.2,80,ROJO,"RF-07,RF-01",Reporte tardío del siniestro; Inconsistencia entre el informe pericial y la denuncia; Documentación incompleta o ilegible,"Se activaron reglas críticas (RF-07,RF-01). El análisis heurístico arrojó un score de 80/100 (Reporte tardío del siniestro; Inconsistencia entre el informe pericial y la denuncia; Documentación incompleta o ilegible). El modelo ML no identificó patrones históricos de alto riesgo (probabilidad 20%). El caso presenta riesgo ALTO y requiere revisión prioritaria.",Derivar a investigación especializada y suspender el pago hasta verificación documental.,Este resultado es una estimación de apoyo basada en patrones y no constituye una acusación. Se recomienda priorizar la revisión humana presumiendo la buena fe del asegurado.,false
SIN-2026-1004,POL-2004,ASEG-019,,PROV-007,Vida,Renta,Guayaquil,2025-10-05,2025-11-25,118504,98024,0,135102,En análisis,Solicitud de indemnización por invalidez parcial permanente.,false,1,2025-01-26,2026-01-14,2,40,1,0.84,89,ROJO,RF-02,Similitud narrativa con otros siniestros; Reporte tardío del siniestro; Documentación incompleta o ilegible,Se activaron reglas críticas (RF-02). El análisis heurístico arrojó un score de 89/100 (Similitud narrativa con otros siniestros; Reporte tardío del siniestro; Documentación incompleta o ilegible). El modelo ML estimó una probabilidad de fraude del 84% al comparar con casos históricos similares. El caso presenta riesgo ALTO y requiere revisión prioritaria.,Derivar a investigación especializada y suspender el pago hasta verificación documental.,Este resultado es una estimación de apoyo basada en patrones y no constituye una acusación. Se recomienda priorizar la revisión humana presumiendo la buena fe del asegurado.,true
SIN-2026-1005,POL-2005,ASEG-038,,PROV-003,Hogar,Incendio,Manta,2025-10-20,2025-10-28,16031,13231,0,20170,Pendiente,Robo del vehículo estacionado en la vía pública durante la madrugada; el asegurado no presenta testigos ni evidencia adicional.,false,1,2025-08-06,2026-08-16,2,73,1,0.96,78,ROJO,RF-02,Historial elevado de reclamos del asegurado; Inconsistencia entre el informe pericial y la denuncia; Reporte tardío del siniestro,Se activaron reglas críticas (RF-02). El análisis heurístico arrojó un score de 78/100 (Historial elevado de reclamos del asegurado; Inconsistencia entre el informe pericial y la denuncia; Reporte tardío del siniestro). El modelo ML estimó una probabilidad de fraude del 96% al comparar con casos históricos similares. El caso presenta riesgo ALTO y requiere revisión prioritaria.,Derivar a investigación especializada y suspender el pago hasta verificación documental.,Este resultado es una estimación de apoyo basada en patrones y no constituye una acusación. Se recomienda priorizar la revisión humana presumiendo la buena fe del asegurado.,true
SIN-2026-1006,POL-2006,ASEG-019,VEH-006,PROV-006,Vehículos,Pérdida total,Quito,2025-11-16,2025-12-28,30019,27840,0,38457,Pendiente,Daños por impacto lateral atribuidos a un tercero no identificado.,false,1,2025-08-05,2026-08-25,8,35,1,0.66,86,ROJO,"RF-04,RF-02",Documentación incompleta o ilegible; Proveedor con historial recurrente de alertas; Siniestro ocurrido cerca del inicio de la póliza,"Se activaron reglas críticas (RF-04,RF-02). El análisis heurístico arrojó un score de 86/100 (Documentación incompleta o ilegible; Proveedor con historial recurrente de alertas; Siniestro ocurrido cerca del inicio de la póliza). El modelo ML estimó una probabilidad de fraude del 66% al comparar con casos históricos similares. El caso presenta riesgo ALTO y requiere revisión prioritaria.",Derivar a investigación especializada y suspender el pago hasta verificación documental.,Este resultado es una estimación de apoyo basada en patrones y no constituye una acusación. Se recomienda priorizar la revisión humana presumiendo la buena fe del asegurado.,false
SIN-2026-1007,POL-2007,ASEG-028,,PROV-003,Salud,Emergencia,Loja,2025-12-06,2025-12-25,8570,7296,0,9842,En análisis,Robo del vehículo estacionado en la vía pública durante la madrugada; el asegurado no presenta testigos ni evidencia adicional.,false,1,2025-01-25,2026-01-27,3,97,1,0.68,86,ROJO,RF-02,Inconsistencia entre el informe pericial y la denuncia; Historial elevado de reclamos del asegurado; Monto reclamado atípico respecto a la suma asegurada,Se activaron reglas críticas (RF-02). El análisis heurístico arrojó un score de 86/100 (Inconsistencia entre el informe pericial y la denuncia; Historial elevado de reclamos del asegurado; Monto reclamado atípico respecto a la suma asegurada). El modelo ML estimó una probabilidad de fraude del 68% al comparar con casos históricos similares. El caso presenta riesgo ALTO y requiere revisión prioritaria.,Derivar a investigación especializada y suspender el pago hasta verificación documental.,Este resultado es una estimación de apoyo basada en patrones y no constituye una acusación. Se recomienda priorizar la revisión humana presumiendo la buena fe del asegurado.,true
SIN-2026-1008,POL-2008,ASEG-030,VEH-008,PROV-005,Vehículos,Robo,Cuenca,2025-11-28,2025-12-28,13964,10360,0,18051,Pendiente,Pérdida total declarada tras incidente vial; el vehículo no fue recuperado.,false,0,2025-02-25,2026-02-15,6,89,1,0.52,82,ROJO,RF-02,Siniestro ocurrido cerca del inicio de la póliza; Inconsistencia entre el informe pericial y la denuncia; Historial elevado de reclamos del asegurado,Se activaron reglas críticas (RF-02). El análisis heurístico arrojó un score de 82/100 (Siniestro ocurrido cerca del inicio de la póliza; Inconsistencia entre el informe pericial y la denuncia; Historial elevado de reclamos del asegurado). El modelo ML estimó una probabilidad de fraude del 52% al comparar con casos históricos similares. El caso presenta riesgo ALTO y requiere revisión prioritaria.,Derivar a investigación especializada y suspender el pago hasta verificación documental.,Este resultado es una estimación de apoyo basada en patrones y no constituye una acusación. Se recomienda priorizar la revisión humana presumiendo la buena fe del asegurado.,false
SIN-2026-1009,POL-2009,ASEG-060,,PROV-004,Salud,Cirugía,Quito,2025-10-06,2025-10-23,11719,8447,0,13104,Pendiente,Reclamo por hospitalización de emergencia con intervención quirúrgica.,false,1,2025-05-07,2026-05-09,5,39,1,0.74,94,ROJO,RF-01,Proveedor con historial recurrente de alertas; Similitud narrativa con otros siniestros; Reporte tardío del siniestro,Se activaron reglas críticas (RF-01). El análisis heurístico arrojó un score de 94/100 (Proveedor con historial recurrente de alertas; Similitud narrativa con otros siniestros; Reporte tardío del siniestro). El modelo ML estimó una probabilidad de fraude del 74% al comparar con casos históricos similares. El caso presenta riesgo ALTO y requiere revisión prioritaria.,Derivar a investigación especializada y suspender el pago hasta verificación documental.,Este resultado es una estimación de apoyo basada en patrones y no constituye una acusación. Se recomienda priorizar la revisión humana presumiendo la buena fe del asegurado.,false
SIN-2026-1010,POL-2010,ASEG-054,,PROV-001,Salud,Emergencia,Loja,2025-10-03,2025-11-12,27429,20267,0,35020,En análisis,Solicitud de reembolso por tratamiento ambulatorio prolongado.,false,0,2025-01-02,2026-01-14,8,85,1,0.57,77,ROJO,RF-02,Similitud narrativa con otros siniestros; Reporte tardío del siniestro; Monto reclamado atípico respecto a la suma asegurada,Se activaron reglas críticas (RF-02). El análisis heurístico arrojó un score de 77/100 (Similitud narrativa con otros siniestros; Reporte tardío del siniestro; Monto reclamado atípico respecto a la suma asegurada). El modelo ML estimó una probabilidad de fraude del 57% al comparar con casos históricos similares. El caso presenta riesgo ALTO y requiere revisión prioritaria.,Derivar a investigación especializada y suspender el pago hasta verificación documental.,Este resultado es una estimación de apoyo basada en patrones y no constituye una acusación. Se recomienda priorizar la revisión humana presumiendo la buena fe del asegurado.,false
SIN-2026-1011,POL-2011,ASEG-014,VEH-011,PROV-010,Vehículos,Daños a terceros,Guayaquil,2025-11-13,2025-12-22,15730,12489,0,19519,Pendiente,Robo del vehículo en estacionamiento no vigilado durante horas de la noche.,false,0,2025-07-28,2026-07-11,5,99,1,0.72,99,ROJO,RF-02,Siniestro ocurrido cerca del inicio de la póliza; Documentación incompleta o ilegible; Reporte tardío del siniestro,Se activaron reglas críticas (RF-02). El análisis heurístico arrojó un score de 99/100 (Siniestro ocurrido cerca del inicio de la póliza; Documentación incompleta o ilegible; Reporte tardío del siniestro). El modelo ML estimó una probabilidad de fraude del 72% al comparar con casos históricos similares. El caso presenta riesgo ALTO y requiere revisión prioritaria.,Derivar a investigación especializada y suspender el pago hasta verificación documental.,Este resultado es una estimación de apoyo basada en patrones y no constituye una acusación. Se recomienda priorizar la revisión humana presumiendo la buena fe del asegurado.,false
SIN-2026-1012,POL-2012,ASEG-031,,PROV-004,Hogar,Incendio,Quito,2025-10-01,2025-11-09,23517,22056,0,31432,Pendiente,Daños por incendio de origen eléctrico en la vivienda asegurada.,false,1,2025-04-23,2026-04-06,7,6,1,0.81,86,ROJO,RF-01,Proveedor con historial recurrente de alertas; Siniestro ocurrido cerca del inicio de la póliza; Inconsistencia entre el informe pericial y la denuncia,Se activaron reglas críticas (RF-01). El análisis heurístico arrojó un score de 86/100 (Proveedor con historial recurrente de alertas; Siniestro ocurrido cerca del inicio de la póliza; Inconsistencia entre el informe pericial y la denuncia). El modelo ML estimó una probabilidad de fraude del 81% al comparar con casos históricos similares. El caso presenta riesgo ALTO y requiere revisión prioritaria.,Derivar a investigación especializada y suspender el pago hasta verificación documental.,Este resultado es una estimación de apoyo basada en patrones y no constituye una acusación. Se recomienda priorizar la revisión humana presumiendo la buena fe del asegurado.,false
SIN-2026-1013,POL-2013,ASEG-029,,PROV-003,Vida,Renta,Manta,2025-12-27,2025-12-28,58157,44994,0,71601,En análisis,Reclamo por fallecimiento del titular; pendiente documentación complementaria.,false,1,2025-09-26,2026-09-17,7,88,1,0.76,94,ROJO,"RF-04,RF-01",Proveedor con historial recurrente de alertas; Inconsistencia entre el informe pericial y la denuncia; Documentación incompleta o ilegible,"Se activaron reglas críticas (RF-04,RF-01). El análisis heurístico arrojó un score de 94/100 (Proveedor con historial recurrente de alertas; Inconsistencia entre el informe pericial y la denuncia; Documentación incompleta o ilegible). El modelo ML estimó una probabilidad de fraude del 76% al comparar con casos históricos similares. El caso presenta riesgo ALTO y requiere revisión prioritaria.",Derivar a investigación especializada y suspender el pago hasta verificación documental.,Este resultado es una estimación de apoyo basada en patrones y no constituye una acusación. Se recomienda priorizar la revisión humana presumiendo la buena fe del asegurado.,true
SIN-2026-1014,POL-2014,ASEG-026,,PROV-005,Vida,Fallecimiento,Ambato,2025-12-25,2025-12-26,94674,83869,0,99594,Pendiente,Reclamo por fallecimiento del titular; pendiente documentación complementaria.,false,1,2025-03-04,2026-03-16,6,61,1,0.6,86,ROJO,"RF-02,RF-04",Documentación incompleta o ilegible; Inconsistencia entre el informe pericial y la denuncia; Siniestro ocurrido cerca del inicio de la póliza,"Se activaron reglas críticas (RF-02,RF-04). El análisis heurístico arrojó un score de 86/100 (Documentación incompleta o ilegible; Inconsistencia entre el informe pericial y la denuncia; Siniestro ocurrido cerca del inicio de la póliza). El modelo ML estimó una probabilidad de fraude del 60% al comparar con casos históricos similares. El caso presenta riesgo ALTO y requiere revisión prioritaria.",Derivar a investigación especializada y suspender el pago hasta verificación documental.,Este resultado es una estimación de apoyo basada en patrones y no constituye una acusación. Se recomienda priorizar la revisión humana presumiendo la buena fe del asegurado.,false
SIN-2026-1015,POL-2015,ASEG-024,,PROV-007,Salud,Emergencia,Cuenca,2025-10-18,2025-11-28,20088,16764,0,23572,Pendiente,Reclamo por hospitalización de emergencia con intervención quirúrgica.,true,1,2025-07-26,2026-07-02,4,2,1,0.78,96,ROJO,RF-01,Reporte tardío del siniestro; Historial elevado de reclamos del asegurado; Proveedor con historial recurrente de alertas,Se activaron reglas críticas (RF-01). El análisis heurístico arrojó un score de 96/100 (Reporte tardío del siniestro; Historial elevado de reclamos del asegurado; Proveedor con historial recurrente de alertas). El modelo ML estimó una probabilidad de fraude del 78% al comparar con casos históricos similares. El caso presenta riesgo ALTO y requiere revisión prioritaria.,Derivar a investigación especializada y suspender el pago hasta verificación documental.,Este resultado es una estimación de apoyo basada en patrones y no constituye una acusación. Se recomienda priorizar la revisión humana presumiendo la buena fe del asegurado.,true
SIN-2026-1016,POL-2016,ASEG-055,,PROV-007,Vida,Invalidez,Guayaquil,2025-11-20,2025-12-21,83351,63095,0,111461,Pendiente,Solicitud de indemnización por invalidez parcial permanente.,false,1,2025-07-08,2026-07-05,4,21,1,0.52,86,ROJO,RF-02,Documentación incompleta o ilegible; Similitud narrativa con otros siniestros; Siniestro ocurrido cerca del inicio de la póliza,Se activaron reglas críticas (RF-02). El análisis heurístico arrojó un score de 86/100 (Documentación incompleta o ilegible; Similitud narrativa con otros siniestros; Siniestro ocurrido cerca del inicio de la póliza). El modelo ML estimó una probabilidad de fraude del 52% al comparar con casos históricos similares. El caso presenta riesgo ALTO y requiere revisión prioritaria.,Derivar a investigación especializada y suspender el pago hasta verificación documental.,Este resultado es una estimación de apoyo basada en patrones y no constituye una acusación. Se recomienda priorizar la revisión humana presumiendo la buena fe del asegurado.,true
SIN-2026-1017,POL-2017,ASEG-007,,PROV-007,Hogar,Incendio,Guayaquil,2025-10-15,2025-11-19,10689,9862,0,12941,En análisis,Daños por incendio de origen eléctrico en la vivienda asegurada.,false,1,2025-04-09,2026-04-15,3,57,0,0.44,85,ROJO,"RF-02,RF-04",Reporte tardío del siniestro; Similitud narrativa con otros siniestros; Siniestro ocurrido cerca del inicio de la póliza,"Se activaron reglas críticas (RF-02,RF-04). El análisis heurístico arrojó un score de 85/100 (Reporte tardío del siniestro; Similitud narrativa con otros siniestros; Siniestro ocurrido cerca del inicio de la póliza). El modelo ML no identificó patrones históricos de alto riesgo (probabilidad 44%). El caso presenta riesgo ALTO y requiere revisión prioritaria.",Derivar a investigación especializada y suspender el pago hasta verificación documental.,Este resultado es una estimación de apoyo basada en patrones y no constituye una acusación. Se recomienda priorizar la revisión humana presumiendo la buena fe del asegurado.,true
SIN-2026-1018,POL-2018,ASEG-033,VEH-018,PROV-003,Vehículos,Colisión,Guayaquil,2025-10-27,2025-11-28,13587,11023,0,17697,En análisis,Pérdida total declarada tras incidente vial; el vehículo no fue recuperado.,false,1,2025-02-04,2026-02-16,6,91,1,0.77,82,ROJO,RF-01,Monto reclamado atípico respecto a la suma asegurada; Proveedor con historial recurrente de alertas; Siniestro ocurrido cerca del inicio de la póliza,Se activaron reglas críticas (RF-01). El análisis heurístico arrojó un score de 82/100 (Monto reclamado atípico respecto a la suma asegurada; Proveedor con historial recurrente de alertas; Siniestro ocurrido cerca del inicio de la póliza). El modelo ML estimó una probabilidad de fraude del 77% al comparar con casos históricos similares. El caso presenta riesgo ALTO y requiere revisión prioritaria.,Derivar a investigación especializada y suspender el pago hasta verificación documental.,Este resultado es una estimación de apoyo basada en patrones y no constituye una acusación. Se recomienda priorizar la revisión humana presumiendo la buena fe del asegurado.,true
SIN-2026-1019,POL-2019,ASEG-040,,PROV-002,Hogar,Robo domiciliario,Manta,2025-12-15,2025-12-20,23485,20092,0,28682,En análisis,Daños por incendio de origen eléctrico en la vivienda asegurada.,false,1,2025-08-09,2026-08-19,2,80,1,0.64,92,ROJO,RF-01,Similitud narrativa con otros siniestros; Monto reclamado atípico respecto a la suma asegurada; Inconsistencia entre el informe pericial y la denuncia,Se activaron reglas críticas (RF-01). El análisis heurístico arrojó un score de 92/100 (Similitud narrativa con otros siniestros; Monto reclamado atípico respecto a la suma asegurada; Inconsistencia entre el informe pericial y la denuncia). El modelo ML estimó una probabilidad de fraude del 64% al comparar con casos históricos similares. El caso presenta riesgo ALTO y requiere revisión prioritaria.,Derivar a investigación especializada y suspender el pago hasta verificación documental.,Este resultado es una estimación de apoyo basada en patrones y no constituye una acusación. Se recomienda priorizar la revisión humana presumiendo la buena fe del asegurado.,false
SIN-2026-1020,POL-2020,ASEG-035,,PROV-010,Salud,Ambulatorio,Manta,2025-11-03,2025-12-23,7046,5314,0,9151,En análisis,Atención médica de urgencia tras accidente doméstico.,false,1,2025-03-19,2026-03-11,2,83,1,0.81,84,ROJO,RF-01,Historial elevado de reclamos del asegurado; Reporte tardío del siniestro; Proveedor con historial recurrente de alertas,Se activaron reglas críticas (RF-01). El análisis heurístico arrojó un score de 84/100 (Historial elevado de reclamos del asegurado; Reporte tardío del siniestro; Proveedor con historial recurrente de alertas). El modelo ML estimó una probabilidad de fraude del 81% al comparar con casos históricos similares. El caso presenta riesgo ALTO y requiere revisión prioritaria.,Derivar a investigación especializada y suspender el pago hasta verificación documental.,Este resultado es una estimación de apoyo basada en patrones y no constituye una acusación. Se recomienda priorizar la revisión humana presumiendo la buena fe del asegurado.,false
SIN-2026-1021,POL-2021,ASEG-001,,PROV-008,Vida,Fallecimiento,Quito,2025-10-23,2025-11-28,69590,53356,0,93762,Pendiente,Solicitud de indemnización por invalidez parcial permanente.,false,1,2025-08-20,2026-08-14,6,81,1,0.53,99,ROJO,RF-02,Reporte tardío del siniestro; Historial elevado de reclamos del asegurado; Documentación incompleta o ilegible,Se activaron reglas críticas (RF-02). El análisis heurístico arrojó un score de 99/100 (Reporte tardío del siniestro; Historial elevado de reclamos del asegurado; Documentación incompleta o ilegible). El modelo ML estimó una probabilidad de fraude del 53% al comparar con casos históricos similares. El caso presenta riesgo ALTO y requiere revisión prioritaria.,Derivar a investigación especializada y suspender el pago hasta verificación documental.,Este resultado es una estimación de apoyo basada en patrones y no constituye una acusación. Se recomienda priorizar la revisión humana presumiendo la buena fe del asegurado.,false
SIN-2026-1022,POL-2022,ASEG-023,VEH-022,PROV-003,Vehículos,Robo,Ambato,2025-10-09,2025-11-11,18126,13054,0,23250,Pendiente,El asegurado reporta colisión en vía pública con daños en la parte frontal del vehículo.,true,1,2025-08-03,2026-08-14,6,7,1,0.64,85,ROJO,"RF-02,RF-01",Reporte tardío del siniestro; Documentación incompleta o ilegible; Historial elevado de reclamos del asegurado,"Se activaron reglas críticas (RF-02,RF-01). El análisis heurístico arrojó un score de 85/100 (Reporte tardío del siniestro; Documentación incompleta o ilegible; Historial elevado de reclamos del asegurado). El modelo ML estimó una probabilidad de fraude del 64% al comparar con casos históricos similares. El caso presenta riesgo ALTO y requiere revisión prioritaria.",Derivar a investigación especializada y suspender el pago hasta verificación documental.,Este resultado es una estimación de apoyo basada en patrones y no constituye una acusación. Se recomienda priorizar la revisión humana presumiendo la buena fe del asegurado.,true
SIN-2026-1023,POL-2023,ASEG-054,,PROV-005,Hogar,Robo domiciliario,Ambato,2025-11-12,2025-12-23,16684,12462,0,17949,En análisis,Robo domiciliario con sustracción de bienes; denuncia presentada.,true,1,2025-06-07,2026-06-05,8,36,0,0.16,85,ROJO,RF-01,Similitud narrativa con otros siniestros; Documentación incompleta o ilegible; Historial elevado de reclamos del asegurado,Se activaron reglas críticas (RF-01). El análisis heurístico arrojó un score de 85/100 (Similitud narrativa con otros siniestros; Documentación incompleta o ilegible; Historial elevado de reclamos del asegurado). El modelo ML no identificó patrones históricos de alto riesgo (probabilidad 16%). El caso presenta riesgo ALTO y requiere revisión prioritaria.,Derivar a investigación especializada y suspender el pago hasta verificación documental.,Este resultado es una estimación de apoyo basada en patrones y no constituye una acusación. Se recomienda priorizar la revisión humana presumiendo la buena fe del asegurado.,false
SIN-2026-1024,POL-2024,ASEG-035,VEH-024,PROV-009,Vehículos,Colisión,Cuenca,2025-10-20,2025-10-28,35256,28908,0,45547,Pendiente,Daños por impacto lateral atribuidos a un tercero no identificado.,true,1,2025-04-01,2026-04-03,4,30,1,0.92,80,ROJO,RF-02,Proveedor con historial recurrente de alertas; Inconsistencia entre el informe pericial y la denuncia; Monto reclamado atípico respecto a la suma asegurada,Se activaron reglas críticas (RF-02). El análisis heurístico arrojó un score de 80/100 (Proveedor con historial recurrente de alertas; Inconsistencia entre el informe pericial y la denuncia; Monto reclamado atípico respecto a la suma asegurada). El modelo ML estimó una probabilidad de fraude del 92% al comparar con casos históricos similares. El caso presenta riesgo ALTO y requiere revisión prioritaria.,Derivar a investigación especializada y suspender el pago hasta verificación documental.,Este resultado es una estimación de apoyo basada en patrones y no constituye una acusación. Se recomienda priorizar la revisión humana presumiendo la buena fe del asegurado.,false
SIN-2026-1025,POL-2025,ASEG-053,,PROV-007,Vida,Fallecimiento,Loja,2025-10-28,2025-11-28,70399,49843,0,77315,Pendiente,Solicitud de indemnización por invalidez parcial permanente.,false,1,2025-04-04,2026-04-04,2,91,1,0.92,82,ROJO,"RF-01,RF-02",Proveedor con historial recurrente de alertas; Documentación incompleta o ilegible; Reporte tardío del siniestro,"Se activaron reglas críticas (RF-01,RF-02). El análisis heurístico arrojó un score de 82/100 (Proveedor con historial recurrente de alertas; Documentación incompleta o ilegible; Reporte tardío del siniestro). El modelo ML estimó una probabilidad de fraude del 92% al comparar con casos históricos similares. El caso presenta riesgo ALTO y requiere revisión prioritaria.",Derivar a investigación especializada y suspender el pago hasta verificación documental.,Este resultado es una estimación de apoyo basada en patrones y no constituye una acusación. Se recomienda priorizar la revisión humana presumiendo la buena fe del asegurado.,true
SIN-2026-1026,POL-2026,ASEG-049,,PROV-007,Vida,Renta,Guayaquil,2025-11-07,2025-11-20,67187,54067,0,89189,En análisis,Solicitud de indemnización por invalidez parcial permanente.,false,1,2025-01-06,2026-01-21,5,58,1,0.53,89,ROJO,"RF-02,RF-01",Siniestro ocurrido cerca del inicio de la póliza; Monto reclamado atípico respecto a la suma asegurada; Historial elevado de reclamos del asegurado,"Se activaron reglas críticas (RF-02,RF-01). El análisis heurístico arrojó un score de 89/100 (Siniestro ocurrido cerca del inicio de la póliza; Monto reclamado atípico respecto a la suma asegurada; Historial elevado de reclamos del asegurado). El modelo ML estimó una probabilidad de fraude del 53% al comparar con casos históricos similares. El caso presenta riesgo ALTO y requiere revisión prioritaria.",Derivar a investigación especializada y suspender el pago hasta verificación documental.,Este resultado es una estimación de apoyo basada en patrones y no constituye una acusación. Se recomienda priorizar la revisión humana presumiendo la buena fe del asegurado.,true
SIN-2026-1027,POL-2027,ASEG-049,VEH-027,PROV-007,Vehículos,Colisión,Quito,2025-11-11,2025-12-28,38177,30448,0,43533,En análisis,El asegurado reporta colisión en vía pública con daños en la parte frontal del vehículo.,false,1,2025-01-04,2026-01-23,6,65,1,0.66,91,ROJO,"RF-04,RF-01",Proveedor con historial recurrente de alertas; Historial elevado de reclamos del asegurado; Siniestro ocurrido cerca del inicio de la póliza,"Se activaron reglas críticas (RF-04,RF-01). El análisis heurístico arrojó un score de 91/100 (Proveedor con historial recurrente de alertas; Historial elevado de reclamos del asegurado; Siniestro ocurrido cerca del inicio de la póliza). El modelo ML estimó una probabilidad de fraude del 66% al comparar con casos históricos similares. El caso presenta riesgo ALTO y requiere revisión prioritaria.",Derivar a investigación especializada y suspender el pago hasta verificación documental.,Este resultado es una estimación de apoyo basada en patrones y no constituye una acusación. Se recomienda priorizar la revisión humana presumiendo la buena fe del asegurado.,true
SIN-2026-1028,POL-2028,ASEG-023,,PROV-003,Salud,Cirugía,Cuenca,2025-12-02,2025-12-08,28142,20054,0,32142,En análisis,Atención médica de urgencia tras accidente doméstico.,false,1,2025-08-15,2026-08-14,4,16,0,0.24,82,ROJO,RF-01,Similitud narrativa con otros siniestros; Siniestro ocurrido cerca del inicio de la póliza; Monto reclamado atípico respecto a la suma asegurada,Se activaron reglas críticas (RF-01). El análisis heurístico arrojó un score de 82/100 (Similitud narrativa con otros siniestros; Siniestro ocurrido cerca del inicio de la póliza; Monto reclamado atípico respecto a la suma asegurada). El modelo ML no identificó patrones históricos de alto riesgo (probabilidad 24%). El caso presenta riesgo ALTO y requiere revisión prioritaria.,Derivar a investigación especializada y suspender el pago hasta verificación documental.,Este resultado es una estimación de apoyo basada en patrones y no constituye una acusación. Se recomienda priorizar la revisión humana presumiendo la buena fe del asegurado.,true
SIN-2026-1029,POL-2029,ASEG-021,,PROV-007,Salud,Hospitalización,Quito,2025-10-15,2025-11-28,11481,9748,0,12599,En análisis,Atención médica de urgencia tras accidente doméstico.,true,1,2025-07-23,2026-07-12,8,8,1,0.98,96,ROJO,"RF-01,RF-02",Monto reclamado atípico respecto a la suma asegurada; Documentación incompleta o ilegible; Reporte tardío del siniestro,"Se activaron reglas críticas (RF-01,RF-02). El análisis heurístico arrojó un score de 96/100 (Monto reclamado atípico respecto a la suma asegurada; Documentación incompleta o ilegible; Reporte tardío del siniestro). El modelo ML estimó una probabilidad de fraude del 98% al comparar con casos históricos similares. El caso presenta riesgo ALTO y requiere revisión prioritaria.",Derivar a investigación especializada y suspender el pago hasta verificación documental.,Este resultado es una estimación de apoyo basada en patrones y no constituye una acusación. Se recomienda priorizar la revisión humana presumiendo la buena fe del asegurado.,true
SIN-2026-1030,POL-2030,ASEG-028,VEH-030,PROV-006,Vehículos,Colisión,Loja,2025-11-15,2025-11-19,32775,24524,0,69767,Pendiente,Daños por impacto lateral atribuidos a un tercero no identificado.,false,0,2025-06-21,2026-06-26,3,54,0,0.2,75,AMARILLO,,Siniestro ocurrido cerca del inicio de la póliza; Similitud narrativa con otros siniestros,No se activaron reglas críticas determinísticas. El análisis heurístico arrojó un score de 75/100 (Siniestro ocurrido cerca del inicio de la póliza; Similitud narrativa con otros siniestros). El modelo ML no identificó patrones históricos de alto riesgo (probabilidad 20%). El caso presenta riesgo MEDIO y amerita controles adicionales.,Solicitar documentación adicional y realizar una verificación de campo antes de continuar.,"Este resultado es una estimación de apoyo basada en patrones y no constituye una acusación. La decisión final corresponde siempre a un analista, presumiendo la buena fe del asegurado.",false
SIN-2026-1031,POL-2031,ASEG-030,VEH-031,PROV-001,Vehículos,Daños a terceros,Manta,2025-10-26,2025-10-28,10023,7667,0,23426,Pendiente,El asegurado reporta colisión en vía pública con daños en la parte frontal del vehículo.,true,0,2025-09-19,2026-09-02,1,5,0,0.1,49,AMARILLO,RF-07,Historial elevado de reclamos del asegurado; Similitud narrativa con otros siniestros,Se activaron reglas críticas (RF-07). El análisis heurístico arrojó un score de 49/100 (Historial elevado de reclamos del asegurado; Similitud narrativa con otros siniestros). El modelo ML no identificó patrones históricos de alto riesgo (probabilidad 10%). El caso presenta riesgo MEDIO y amerita controles adicionales.,Solicitar documentación adicional y realizar una verificación de campo antes de continuar.,"Este resultado es una estimación de apoyo basada en patrones y no constituye una acusación. La decisión final corresponde siempre a un analista, presumiendo la buena fe del asegurado.",false
SIN-2026-1032,POL-2032,ASEG-010,,PROV-008,Vida,Fallecimiento,Guayaquil,2025-11-08,2025-11-12,59745,47468,0,139838,Pendiente,Reclamo por fallecimiento del titular; pendiente documentación complementaria.,false,0,2025-04-13,2026-04-17,1,8,1,0.87,46,AMARILLO,RF-07,Documentación incompleta o ilegible; Siniestro ocurrido cerca del inicio de la póliza,Se activaron reglas críticas (RF-07). El análisis heurístico arrojó un score de 46/100 (Documentación incompleta o ilegible; Siniestro ocurrido cerca del inicio de la póliza). El modelo ML estimó una probabilidad de fraude del 87% al comparar con casos históricos similares. El caso presenta riesgo MEDIO y amerita controles adicionales.,Solicitar documentación adicional y realizar una verificación de campo antes de continuar.,"Este resultado es una estimación de apoyo basada en patrones y no constituye una acusación. La decisión final corresponde siempre a un analista, presumiendo la buena fe del asegurado.",false
SIN-2026-1033,POL-2033,ASEG-017,,PROV-010,Vida,Renta,Ambato,2025-10-10,2025-10-16,30059,26060,0,58308,En análisis,Reclamo por fallecimiento del titular; pendiente documentación complementaria.,false,0,2025-03-15,2026-03-18,2,54,0,0.41,75,AMARILLO,RF-06,Similitud narrativa con otros siniestros; Historial elevado de reclamos del asegurado,Se activaron reglas críticas (RF-06). El análisis heurístico arrojó un score de 75/100 (Similitud narrativa con otros siniestros; Historial elevado de reclamos del asegurado). El modelo ML no identificó patrones históricos de alto riesgo (probabilidad 41%). El caso presenta riesgo MEDIO y amerita controles adicionales.,Solicitar documentación adicional y realizar una verificación de campo antes de continuar.,"Este resultado es una estimación de apoyo basada en patrones y no constituye una acusación. La decisión final corresponde siempre a un analista, presumiendo la buena fe del asegurado.",false
SIN-2026-1034,POL-2034,ASEG-052,,PROV-001,Hogar,Responsabilidad civil,Quito,2025-11-08,2025-11-13,16822,12922,0,40735,En análisis,Daños por filtración de agua que afectaron mobiliario y estructura.,true,0,2025-02-10,2026-02-15,3,33,0,0.04,52,AMARILLO,,Proveedor con historial recurrente de alertas; Reporte tardío del siniestro,No se activaron reglas críticas determinísticas. El análisis heurístico arrojó un score de 52/100 (Proveedor con historial recurrente de alertas; Reporte tardío del siniestro). El modelo ML no identificó patrones históricos de alto riesgo (probabilidad 4%). El caso presenta riesgo MEDIO y amerita controles adicionales.,Solicitar documentación adicional y realizar una verificación de campo antes de continuar.,"Este resultado es una estimación de apoyo basada en patrones y no constituye una acusación. La decisión final corresponde siempre a un analista, presumiendo la buena fe del asegurado.",false
SIN-2026-1035,POL-2035,ASEG-021,,PROV-001,Vida,Invalidez,Ambato,2025-10-25,2025-10-28,69522,63967,0,141617,En análisis,Reclamo por fallecimiento del titular; pendiente documentación complementaria.,true,0,2025-04-01,2026-04-19,1,55,0,0.35,51,AMARILLO,,Historial elevado de reclamos del asegurado; Similitud narrativa con otros siniestros,No se activaron reglas críticas determinísticas. El análisis heurístico arrojó un score de 51/100 (Historial elevado de reclamos del asegurado; Similitud narrativa con otros siniestros). El modelo ML no identificó patrones históricos de alto riesgo (probabilidad 35%). El caso presenta riesgo MEDIO y amerita controles adicionales.,Solicitar documentación adicional y realizar una verificación de campo antes de continuar.,"Este resultado es una estimación de apoyo basada en patrones y no constituye una acusación. La decisión final corresponde siempre a un analista, presumiendo la buena fe del asegurado.",false
SIN-2026-1036,POL-2036,ASEG-051,,PROV-010,Vida,Invalidez,Ambato,2025-11-07,2025-11-08,117145,100263,0,273425,Pendiente,Solicitud de indemnización por invalidez parcial permanente.,true,1,2025-02-22,2026-02-08,2,73,1,0.97,67,AMARILLO,RF-06,Siniestro ocurrido cerca del inicio de la póliza; Similitud narrativa con otros siniestros,Se activaron reglas críticas (RF-06). El análisis heurístico arrojó un score de 67/100 (Siniestro ocurrido cerca del inicio de la póliza; Similitud narrativa con otros siniestros). El modelo ML estimó una probabilidad de fraude del 97% al comparar con casos históricos similares. El caso presenta riesgo MEDIO y amerita controles adicionales.,Solicitar documentación adicional y realizar una verificación de campo antes de continuar.,"Este resultado es una estimación de apoyo basada en patrones y no constituye una acusación. La decisión final corresponde siempre a un analista, presumiendo la buena fe del asegurado.",false
SIN-2026-1037,POL-2037,ASEG-005,,PROV-002,Salud,Ambulatorio,Cuenca,2025-12-12,2025-12-15,5273,4406,0,10087,Pendiente,Atención médica de urgencia tras accidente doméstico.,true,0,2025-05-24,2026-05-26,1,7,0,0.15,66,AMARILLO,RF-07,Siniestro ocurrido cerca del inicio de la póliza; Historial elevado de reclamos del asegurado,Se activaron reglas críticas (RF-07). El análisis heurístico arrojó un score de 66/100 (Siniestro ocurrido cerca del inicio de la póliza; Historial elevado de reclamos del asegurado). El modelo ML no identificó patrones históricos de alto riesgo (probabilidad 15%). El caso presenta riesgo MEDIO y amerita controles adicionales.,Solicitar documentación adicional y realizar una verificación de campo antes de continuar.,"Este resultado es una estimación de apoyo basada en patrones y no constituye una acusación. La decisión final corresponde siempre a un analista, presumiendo la buena fe del asegurado.",false
SIN-2026-1038,POL-2038,ASEG-058,,PROV-008,Vida,Invalidez,Guayaquil,2025-10-12,2025-10-15,40163,36366,0,93882,En análisis,Reclamo por fallecimiento del titular; pendiente documentación complementaria.,false,0,2025-02-14,2026-02-18,1,65,1,0.9,61,AMARILLO,,Historial elevado de reclamos del asegurado; Inconsistencia entre el informe pericial y la denuncia,No se activaron reglas críticas determinísticas. El análisis heurístico arrojó un score de 61/100 (Historial elevado de reclamos del asegurado; Inconsistencia entre el informe pericial y la denuncia). El modelo ML estimó una probabilidad de fraude del 90% al comparar con casos históricos similares. El caso presenta riesgo MEDIO y amerita controles adicionales.,Solicitar documentación adicional y realizar una verificación de campo antes de continuar.,"Este resultado es una estimación de apoyo basada en patrones y no constituye una acusación. La decisión final corresponde siempre a un analista, presumiendo la buena fe del asegurado.",false
SIN-2026-1039,POL-2039,ASEG-043,,PROV-009,Hogar,Daños por agua,Guayaquil,2025-12-25,2025-12-28,18566,14916,0,38196,En análisis,Daños por filtración de agua que afectaron mobiliario y estructura.,false,0,2025-04-14,2026-04-09,4,48,1,0.75,56,AMARILLO,RF-07,Documentación incompleta o ilegible; Monto reclamado atípico respecto a la suma asegurada,Se activaron reglas críticas (RF-07). El análisis heurístico arrojó un score de 56/100 (Documentación incompleta o ilegible; Monto reclamado atípico respecto a la suma asegurada). El modelo ML estimó una probabilidad de fraude del 75% al comparar con casos históricos similares. El caso presenta riesgo MEDIO y amerita controles adicionales.,Solicitar documentación adicional y realizar una verificación de campo antes de continuar.,"Este resultado es una estimación de apoyo basada en patrones y no constituye una acusación. La decisión final corresponde siempre a un analista, presumiendo la buena fe del asegurado.",false
SIN-2026-1040,POL-2040,ASEG-028,,PROV-005,Vida,Fallecimiento,Cuenca,2025-12-22,2025-12-23,22484,18993,0,45376,Pendiente,Solicitud de indemnización por invalidez parcial permanente.,true,0,2025-04-27,2026-04-07,4,9,1,0.53,63,AMARILLO,RF-07,Siniestro ocurrido cerca del inicio de la póliza; Proveedor con historial recurrente de alertas,Se activaron reglas críticas (RF-07). El análisis heurístico arrojó un score de 63/100 (Siniestro ocurrido cerca del inicio de la póliza; Proveedor con historial recurrente de alertas). El modelo ML estimó una probabilidad de fraude del 53% al comparar con casos históricos similares. El caso presenta riesgo MEDIO y amerita controles adicionales.,Solicitar documentación adicional y realizar una verificación de campo antes de continuar.,"Este resultado es una estimación de apoyo basada en patrones y no constituye una acusación. La decisión final corresponde siempre a un analista, presumiendo la buena fe del asegurado.",false
SIN-2026-1041,POL-2041,ASEG-040,,PROV-009,Hogar,Daños por agua,Cuenca,2025-11-17,2025-11-18,16179,14101,0,38118,En análisis,Robo domiciliario con sustracción de bienes; denuncia presentada.,true,0,2025-06-22,2026-06-05,3,17,1,0.73,61,AMARILLO,RF-05,Proveedor con historial recurrente de alertas; Similitud narrativa con otros siniestros,Se activaron reglas críticas (RF-05). El análisis heurístico arrojó un score de 61/100 (Proveedor con historial recurrente de alertas; Similitud narrativa con otros siniestros). El modelo ML estimó una probabilidad de fraude del 73% al comparar con casos históricos similares. El caso presenta riesgo MEDIO y amerita controles adicionales.,Solicitar documentación adicional y realizar una verificación de campo antes de continuar.,"Este resultado es una estimación de apoyo basada en patrones y no constituye una acusación. La decisión final corresponde siempre a un analista, presumiendo la buena fe del asegurado.",false
SIN-2026-1042,POL-2042,ASEG-032,,PROV-004,Vida,Invalidez,Cuenca,2025-12-27,2025-12-28,105618,100066,0,129190,En análisis,Solicitud de indemnización por invalidez parcial permanente.,false,1,2025-08-05,2026-08-08,7,90,1,0.53,81,ROJO,RF-04,Historial elevado de reclamos del asegurado; Similitud narrativa con otros siniestros; Documentación incompleta o ilegible,Se activaron reglas críticas (RF-04). El análisis heurístico arrojó un score de 81/100 (Historial elevado de reclamos del asegurado; Similitud narrativa con otros siniestros; Documentación incompleta o ilegible). El modelo ML estimó una probabilidad de fraude del 53% al comparar con casos históricos similares. El caso presenta riesgo ALTO y requiere revisión prioritaria.,Derivar a investigación especializada y suspender el pago hasta verificación documental.,Este resultado es una estimación de apoyo basada en patrones y no constituye una acusación. Se recomienda priorizar la revisión humana presumiendo la buena fe del asegurado.,false
SIN-2026-1043,POL-2043,ASEG-047,VEH-043,PROV-004,Vehículos,Daños a terceros,Loja,2025-11-28,2025-11-28,25181,23417,0,36814,En análisis,El asegurado reporta colisión en vía pública con daños en la parte frontal del vehículo.,true,1,2025-05-02,2026-05-07,4,4,1,0.64,51,AMARILLO,,Proveedor con historial recurrente de alertas; Siniestro ocurrido cerca del inicio de la póliza,No se activaron reglas críticas determinísticas. El análisis heurístico arrojó un score de 51/100 (Proveedor con historial recurrente de alertas; Siniestro ocurrido cerca del inicio de la póliza). El modelo ML estimó una probabilidad de fraude del 64% al comparar con casos históricos similares. El caso presenta riesgo MEDIO y amerita controles adicionales.,Solicitar documentación adicional y realizar una verificación de campo antes de continuar.,"Este resultado es una estimación de apoyo basada en patrones y no constituye una acusación. La decisión final corresponde siempre a un analista, presumiendo la buena fe del asegurado.",false
SIN-2026-1044,POL-2044,ASEG-057,,PROV-006,Hogar,Responsabilidad civil,Quito,2025-10-06,2025-10-07,23571,21343,0,40043,Pendiente,Robo domiciliario con sustracción de bienes; denuncia presentada.,true,0,2025-09-24,2026-09-22,4,10,1,0.72,43,AMARILLO,RF-07,Documentación incompleta o ilegible; Proveedor con historial recurrente de alertas,Se activaron reglas críticas (RF-07). El análisis heurístico arrojó un score de 43/100 (Documentación incompleta o ilegible; Proveedor con historial recurrente de alertas). El modelo ML estimó una probabilidad de fraude del 72% al comparar con casos históricos similares. El caso presenta riesgo MEDIO y amerita controles adicionales.,Solicitar documentación adicional y realizar una verificación de campo antes de continuar.,"Este resultado es una estimación de apoyo basada en patrones y no constituye una acusación. La decisión final corresponde siempre a un analista, presumiendo la buena fe del asegurado.",false
SIN-2026-1045,POL-2045,ASEG-052,,PROV-005,Vida,Fallecimiento,Loja,2025-10-16,2025-10-24,38938,36611,0,57462,En análisis,Solicitud de indemnización por invalidez parcial permanente.,true,1,2025-02-24,2026-02-21,2,87,0,0.46,73,AMARILLO,RF-06,Proveedor con historial recurrente de alertas; Monto reclamado atípico respecto a la suma asegurada,Se activaron reglas críticas (RF-06). El análisis heurístico arrojó un score de 73/100 (Proveedor con historial recurrente de alertas; Monto reclamado atípico respecto a la suma asegurada). El modelo ML no identificó patrones históricos de alto riesgo (probabilidad 46%). El caso presenta riesgo MEDIO y amerita controles adicionales.,Solicitar documentación adicional y realizar una verificación de campo antes de continuar.,"Este resultado es una estimación de apoyo basada en patrones y no constituye una acusación. La decisión final corresponde siempre a un analista, presumiendo la buena fe del asegurado.",false
SIN-2026-1046,POL-2046,ASEG-033,,PROV-001,Vida,Invalidez,Ambato,2025-10-14,2025-10-16,80522,69147,0,149301,Pendiente,Solicitud de indemnización por invalidez parcial permanente.,true,1,2025-08-15,2026-08-14,2,90,0,0.27,43,AMARILLO,,Similitud narrativa con otros siniestros; Monto reclamado atípico respecto a la suma asegurada,No se activaron reglas críticas determinísticas. El análisis heurístico arrojó un score de 43/100 (Similitud narrativa con otros siniestros; Monto reclamado atípico respecto a la suma asegurada). El modelo ML no identificó patrones históricos de alto riesgo (probabilidad 27%). El caso presenta riesgo MEDIO y amerita controles adicionales.,Solicitar documentación adicional y realizar una verificación de campo antes de continuar.,"Este resultado es una estimación de apoyo basada en patrones y no constituye una acusación. La decisión final corresponde siempre a un analista, presumiendo la buena fe del asegurado.",false
SIN-2026-1047,POL-2047,ASEG-012,,PROV-004,Salud,Ambulatorio,Loja,2025-11-02,2025-11-10,25932,21810,0,35526,Pendiente,Solicitud de reembolso por tratamiento ambulatorio prolongado.,true,1,2025-02-04,2026-02-14,1,61,0,0.47,74,AMARILLO,RF-07,Siniestro ocurrido cerca del inicio de la póliza; Proveedor con historial recurrente de alertas,Se activaron reglas críticas (RF-07). El análisis heurístico arrojó un score de 74/100 (Siniestro ocurrido cerca del inicio de la póliza; Proveedor con historial recurrente de alertas). El modelo ML no identificó patrones históricos de alto riesgo (probabilidad 47%). El caso presenta riesgo MEDIO y amerita controles adicionales.,Solicitar documentación adicional y realizar una verificación de campo antes de continuar.,"Este resultado es una estimación de apoyo basada en patrones y no constituye una acusación. La decisión final corresponde siempre a un analista, presumiendo la buena fe del asegurado.",false
SIN-2026-1048,POL-2048,ASEG-047,,PROV-005,Vida,Fallecimiento,Manta,2025-11-12,2025-11-19,34839,27721,0,59083,Pendiente,Reclamo por fallecimiento del titular; pendiente documentación complementaria.,false,0,2025-07-17,2026-07-24,1,91,0,0.11,60,AMARILLO,,Documentación incompleta o ilegible; Siniestro ocurrido cerca del inicio de la póliza,No se activaron reglas críticas determinísticas. El análisis heurístico arrojó un score de 60/100 (Documentación incompleta o ilegible; Siniestro ocurrido cerca del inicio de la póliza). El modelo ML no identificó patrones históricos de alto riesgo (probabilidad 11%). El caso presenta riesgo MEDIO y amerita controles adicionales.,Solicitar documentación adicional y realizar una verificación de campo antes de continuar.,"Este resultado es una estimación de apoyo basada en patrones y no constituye una acusación. La decisión final corresponde siempre a un analista, presumiendo la buena fe del asegurado.",false
SIN-2026-1049,POL-2049,ASEG-006,,PROV-009,Hogar,Daños por agua,Guayaquil,2025-12-09,2025-12-12,11839,8698,0,16742,Pendiente,Robo domiciliario con sustracción de bienes; denuncia presentada.,false,0,2025-09-12,2026-09-17,2,3,1,0.53,71,AMARILLO,RF-05,Inconsistencia entre el informe pericial y la denuncia; Siniestro ocurrido cerca del inicio de la póliza,Se activaron reglas críticas (RF-05). El análisis heurístico arrojó un score de 71/100 (Inconsistencia entre el informe pericial y la denuncia; Siniestro ocurrido cerca del inicio de la póliza). El modelo ML estimó una probabilidad de fraude del 53% al comparar con casos históricos similares. El caso presenta riesgo MEDIO y amerita controles adicionales.,Solicitar documentación adicional y realizar una verificación de campo antes de continuar.,"Este resultado es una estimación de apoyo basada en patrones y no constituye una acusación. La decisión final corresponde siempre a un analista, presumiendo la buena fe del asegurado.",false
SIN-2026-1050,POL-2050,ASEG-022,VEH-050,PROV-002,Vehículos,Robo,Cuenca,2025-11-23,2025-11-28,22144,15549,0,38325,En análisis,Daños por impacto lateral atribuidos a un tercero no identificado.,false,0,2025-04-15,2026-04-28,2,82,0,0.26,59,AMARILLO,RF-05,Similitud narrativa con otros siniestros; Reporte tardío del siniestro,Se activaron reglas críticas (RF-05). El análisis heurístico arrojó un score de 59/100 (Similitud narrativa con otros siniestros; Reporte tardío del siniestro). El modelo ML no identificó patrones históricos de alto riesgo (probabilidad 26%). El caso presenta riesgo MEDIO y amerita controles adicionales.,Solicitar documentación adicional y realizar una verificación de campo antes de continuar.,"Este resultado es una estimación de apoyo basada en patrones y no constituye una acusación. La decisión final corresponde siempre a un analista, presumiendo la buena fe del asegurado.",false
SIN-2026-1051,POL-2051,ASEG-053,,PROV-010,Hogar,Robo domiciliario,Manta,2025-11-08,2025-11-16,19975,15831,0,48912,En análisis,Daños por filtración de agua que afectaron mobiliario y estructura.,false,0,2025-08-19,2026-08-21,4,31,0,0.22,72,AMARILLO,,Monto reclamado atípico respecto a la suma asegurada; Documentación incompleta o ilegible,No se activaron reglas críticas determinísticas. El análisis heurístico arrojó un score de 72/100 (Monto reclamado atípico respecto a la suma asegurada; Documentación incompleta o ilegible). El modelo ML no identificó patrones históricos de alto riesgo (probabilidad 22%). El caso presenta riesgo MEDIO y amerita controles adicionales.,Solicitar documentación adicional y realizar una verificación de campo antes de continuar.,"Este resultado es una estimación de apoyo basada en patrones y no constituye una acusación. La decisión final corresponde siempre a un analista, presumiendo la buena fe del asegurado.",false
SIN-2026-1052,POL-2052,ASEG-048,,PROV-009,Vida,Invalidez,Quito,2025-12-03,2025-12-04,84098,71161,0,116520,En análisis,Reclamo por fallecimiento del titular; pendiente documentación complementaria.,false,0,2025-01-13,2026-01-10,2,68,0,0.3,62,AMARILLO,,Inconsistencia entre el informe pericial y la denuncia; Similitud narrativa con otros siniestros,No se activaron reglas críticas determinísticas. El análisis heurístico arrojó un score de 62/100 (Inconsistencia entre el informe pericial y la denuncia; Similitud narrativa con otros siniestros). El modelo ML no identificó patrones históricos de alto riesgo (probabilidad 30%). El caso presenta riesgo MEDIO y amerita controles adicionales.,Solicitar documentación adicional y realizar una verificación de campo antes de continuar.,"Este resultado es una estimación de apoyo basada en patrones y no constituye una acusación. La decisión final corresponde siempre a un analista, presumiendo la buena fe del asegurado.",false
SIN-2026-1053,POL-2053,ASEG-034,,PROV-002,Salud,Cirugía,Loja,2025-12-23,2025-12-24,28054,24000,0,52000,En análisis,Atención médica de urgencia tras accidente doméstico.,true,0,2025-06-26,2026-06-23,4,34,1,0.93,69,AMARILLO,RF-06,Proveedor con historial recurrente de alertas; Inconsistencia entre el informe pericial y la denuncia,Se activaron reglas críticas (RF-06). El análisis heurístico arrojó un score de 69/100 (Proveedor con historial recurrente de alertas; Inconsistencia entre el informe pericial y la denuncia). El modelo ML estimó una probabilidad de fraude del 93% al comparar con casos históricos similares. El caso presenta riesgo MEDIO y amerita controles adicionales.,Solicitar documentación adicional y realizar una verificación de campo antes de continuar.,"Este resultado es una estimación de apoyo basada en patrones y no constituye una acusación. La decisión final corresponde siempre a un analista, presumiendo la buena fe del asegurado.",false
SIN-2026-1054,POL-2054,ASEG-013,,PROV-009,Hogar,Responsabilidad civil,Manta,2025-11-08,2025-11-16,20154,15374,0,41022,Pendiente,Robo domiciliario con sustracción de bienes; denuncia presentada.,false,0,2025-06-24,2026-06-07,2,12,1,0.74,68,AMARILLO,,Proveedor con historial recurrente de alertas; Documentación incompleta o ilegible,No se activaron reglas críticas determinísticas. El análisis heurístico arrojó un score de 68/100 (Proveedor con historial recurrente de alertas; Documentación incompleta o ilegible). El modelo ML estimó una probabilidad de fraude del 74% al comparar con casos históricos similares. El caso presenta riesgo MEDIO y amerita controles adicionales.,Solicitar documentación adicional y realizar una verificación de campo antes de continuar.,"Este resultado es una estimación de apoyo basada en patrones y no constituye una acusación. La decisión final corresponde siempre a un analista, presumiendo la buena fe del asegurado.",false
SIN-2026-1055,POL-2055,ASEG-025,,PROV-005,Hogar,Robo domiciliario,Loja,2025-10-19,2025-10-21,5714,5024,0,9807,En análisis,Daños por incendio de origen eléctrico en la vivienda asegurada.,true,0,2025-09-21,2026-09-26,2,53,1,0.63,69,AMARILLO,,Proveedor con historial recurrente de alertas; Siniestro ocurrido cerca del inicio de la póliza,No se activaron reglas críticas determinísticas. El análisis heurístico arrojó un score de 69/100 (Proveedor con historial recurrente de alertas; Siniestro ocurrido cerca del inicio de la póliza). El modelo ML estimó una probabilidad de fraude del 63% al comparar con casos históricos similares. El caso presenta riesgo MEDIO y amerita controles adicionales.,Solicitar documentación adicional y realizar una verificación de campo antes de continuar.,"Este resultado es una estimación de apoyo basada en patrones y no constituye una acusación. La decisión final corresponde siempre a un analista, presumiendo la buena fe del asegurado.",false
SIN-2026-1056,POL-2056,ASEG-051,,PROV-002,Hogar,Robo domiciliario,Quito,2025-11-05,2025-11-06,24909,20195,0,45284,Pendiente,Robo domiciliario con sustracción de bienes; denuncia presentada.,true,0,2025-08-10,2026-08-21,2,76,1,0.71,61,AMARILLO,RF-07,Similitud narrativa con otros siniestros; Siniestro ocurrido cerca del inicio de la póliza,Se activaron reglas críticas (RF-07). El análisis heurístico arrojó un score de 61/100 (Similitud narrativa con otros siniestros; Siniestro ocurrido cerca del inicio de la póliza). El modelo ML estimó una probabilidad de fraude del 71% al comparar con casos históricos similares. El caso presenta riesgo MEDIO y amerita controles adicionales.,Solicitar documentación adicional y realizar una verificación de campo antes de continuar.,"Este resultado es una estimación de apoyo basada en patrones y no constituye una acusación. La decisión final corresponde siempre a un analista, presumiendo la buena fe del asegurado.",false
SIN-2026-1057,POL-2057,ASEG-060,,PROV-006,Vida,Invalidez,Quito,2025-10-25,2025-10-28,69724,65626,0,167845,Pendiente,Solicitud de indemnización por invalidez parcial permanente.,false,0,2025-07-03,2026-07-07,2,87,0,0.33,55,AMARILLO,,Reporte tardío del siniestro; Inconsistencia entre el informe pericial y la denuncia,No se activaron reglas críticas determinísticas. El análisis heurístico arrojó un score de 55/100 (Reporte tardío del siniestro; Inconsistencia entre el informe pericial y la denuncia). El modelo ML no identificó patrones históricos de alto riesgo (probabilidad 33%). El caso presenta riesgo MEDIO y amerita controles adicionales.,Solicitar documentación adicional y realizar una verificación de campo antes de continuar.,"Este resultado es una estimación de apoyo basada en patrones y no constituye una acusación. La decisión final corresponde siempre a un analista, presumiendo la buena fe del asegurado.",false
SIN-2026-1058,POL-2058,ASEG-041,,PROV-002,Hogar,Responsabilidad civil,Quito,2025-12-24,2025-12-28,11897,9617,0,18003,En análisis,Daños por incendio de origen eléctrico en la vivienda asegurada.,true,0,2025-01-18,2026-01-05,2,10,0,0.4,70,AMARILLO,,Historial elevado de reclamos del asegurado; Siniestro ocurrido cerca del inicio de la póliza,No se activaron reglas críticas determinísticas. El análisis heurístico arrojó un score de 70/100 (Historial elevado de reclamos del asegurado; Siniestro ocurrido cerca del inicio de la póliza). El modelo ML no identificó patrones históricos de alto riesgo (probabilidad 40%). El caso presenta riesgo MEDIO y amerita controles adicionales.,Solicitar documentación adicional y realizar una verificación de campo antes de continuar.,"Este resultado es una estimación de apoyo basada en patrones y no constituye una acusación. La decisión final corresponde siempre a un analista, presumiendo la buena fe del asegurado.",false
SIN-2026-1059,POL-2059,ASEG-059,,PROV-009,Salud,Ambulatorio,Guayaquil,2025-12-20,2025-12-24,23891,21185,0,43044,Pendiente,Solicitud de reembolso por tratamiento ambulatorio prolongado.,false,0,2025-03-06,2026-03-01,4,28,1,0.56,43,AMARILLO,,Historial elevado de reclamos del asegurado; Siniestro ocurrido cerca del inicio de la póliza,No se activaron reglas críticas determinísticas. El análisis heurístico arrojó un score de 43/100 (Historial elevado de reclamos del asegurado; Siniestro ocurrido cerca del inicio de la póliza). El modelo ML estimó una probabilidad de fraude del 56% al comparar con casos históricos similares. El caso presenta riesgo MEDIO y amerita controles adicionales.,Solicitar documentación adicional y realizar una verificación de campo antes de continuar.,"Este resultado es una estimación de apoyo basada en patrones y no constituye una acusación. La decisión final corresponde siempre a un analista, presumiendo la buena fe del asegurado.",false
SIN-2026-1060,POL-2060,ASEG-058,,PROV-006,Hogar,Incendio,Quito,2025-12-10,2025-12-17,7321,5219,0,17514,En análisis,Robo domiciliario con sustracción de bienes; denuncia presentada.,false,0,2025-05-12,2026-05-12,1,74,0,0.35,53,AMARILLO,RF-07,Inconsistencia entre el informe pericial y la denuncia; Historial elevado de reclamos del asegurado,Se activaron reglas críticas (RF-07). El análisis heurístico arrojó un score de 53/100 (Inconsistencia entre el informe pericial y la denuncia; Historial elevado de reclamos del asegurado). El modelo ML no identificó patrones históricos de alto riesgo (probabilidad 35%). El caso presenta riesgo MEDIO y amerita controles adicionales.,Solicitar documentación adicional y realizar una verificación de campo antes de continuar.,"Este resultado es una estimación de apoyo basada en patrones y no constituye una acusación. La decisión final corresponde siempre a un analista, presumiendo la buena fe del asegurado.",false
SIN-2026-1061,POL-2061,ASEG-012,,PROV-001,Hogar,Robo domiciliario,Manta,2025-12-02,2025-12-06,4228,3278,0,6074,Pendiente,Daños por filtración de agua que afectaron mobiliario y estructura.,true,1,2025-05-07,2026-05-16,3,45,0,0.46,74,AMARILLO,RF-06,Monto reclamado atípico respecto a la suma asegurada; Siniestro ocurrido cerca del inicio de la póliza,Se activaron reglas críticas (RF-06). El análisis heurístico arrojó un score de 74/100 (Monto reclamado atípico respecto a la suma asegurada; Siniestro ocurrido cerca del inicio de la póliza). El modelo ML no identificó patrones históricos de alto riesgo (probabilidad 46%). El caso presenta riesgo MEDIO y amerita controles adicionales.,Solicitar documentación adicional y realizar una verificación de campo antes de continuar.,"Este resultado es una estimación de apoyo basada en patrones y no constituye una acusación. La decisión final corresponde siempre a un analista, presumiendo la buena fe del asegurado.",false
SIN-2026-1062,POL-2062,ASEG-016,VEH-062,PROV-005,Vehículos,Pérdida total,Manta,2025-10-24,2025-10-28,28460,26831,0,44492,Pendiente,Daños por impacto lateral atribuidos a un tercero no identificado.,false,1,2025-06-21,2026-06-04,2,48,0,0.23,71,AMARILLO,RF-07,Documentación incompleta o ilegible; Monto reclamado atípico respecto a la suma asegurada,Se activaron reglas críticas (RF-07). El análisis heurístico arrojó un score de 71/100 (Documentación incompleta o ilegible; Monto reclamado atípico respecto a la suma asegurada). El modelo ML no identificó patrones históricos de alto riesgo (probabilidad 23%). El caso presenta riesgo MEDIO y amerita controles adicionales.,Solicitar documentación adicional y realizar una verificación de campo antes de continuar.,"Este resultado es una estimación de apoyo basada en patrones y no constituye una acusación. La decisión final corresponde siempre a un analista, presumiendo la buena fe del asegurado.",false
SIN-2026-1063,POL-2063,ASEG-012,VEH-063,PROV-009,Vehículos,Robo,Quito,2025-10-09,2025-10-17,41737,34965,0,76819,En análisis,Pérdida total declarada tras incidente vial; el vehículo no fue recuperado.,false,0,2025-03-14,2026-03-22,2,93,0,0.49,46,AMARILLO,,Similitud narrativa con otros siniestros; Reporte tardío del siniestro,No se activaron reglas críticas determinísticas. El análisis heurístico arrojó un score de 46/100 (Similitud narrativa con otros siniestros; Reporte tardío del siniestro). El modelo ML no identificó patrones históricos de alto riesgo (probabilidad 49%). El caso presenta riesgo MEDIO y amerita controles adicionales.,Solicitar documentación adicional y realizar una verificación de campo antes de continuar.,"Este resultado es una estimación de apoyo basada en patrones y no constituye una acusación. La decisión final corresponde siempre a un analista, presumiendo la buena fe del asegurado.",false
SIN-2026-1064,POL-2064,ASEG-018,,PROV-008,Salud,Ambulatorio,Quito,2025-11-16,2025-11-17,12935,10396,0,26742,Pendiente,Atención médica de urgencia tras accidente doméstico.,false,0,2025-04-19,2026-04-01,3,1,0,0.13,48,AMARILLO,RF-06,Reporte tardío del siniestro; Similitud narrativa con otros siniestros,Se activaron reglas críticas (RF-06). El análisis heurístico arrojó un score de 48/100 (Reporte tardío del siniestro; Similitud narrativa con otros siniestros). El modelo ML no identificó patrones históricos de alto riesgo (probabilidad 13%). El caso presenta riesgo MEDIO y amerita controles adicionales.,Solicitar documentación adicional y realizar una verificación de campo antes de continuar.,"Este resultado es una estimación de apoyo basada en patrones y no constituye una acusación. La decisión final corresponde siempre a un analista, presumiendo la buena fe del asegurado.",false
SIN-2026-1065,POL-2065,ASEG-023,,PROV-009,Hogar,Incendio,Cuenca,2025-11-15,2025-11-20,19660,14720,0,40065,Pendiente,Robo domiciliario con sustracción de bienes; denuncia presentada.,false,1,2025-07-27,2026-07-09,2,35,1,0.95,44,AMARILLO,RF-06,Proveedor con historial recurrente de alertas; Documentación incompleta o ilegible,Se activaron reglas críticas (RF-06). El análisis heurístico arrojó un score de 44/100 (Proveedor con historial recurrente de alertas; Documentación incompleta o ilegible). El modelo ML estimó una probabilidad de fraude del 95% al comparar con casos históricos similares. El caso presenta riesgo MEDIO y amerita controles adicionales.,Solicitar documentación adicional y realizar una verificación de campo antes de continuar.,"Este resultado es una estimación de apoyo basada en patrones y no constituye una acusación. La decisión final corresponde siempre a un analista, presumiendo la buena fe del asegurado.",false
SIN-2026-1066,POL-2066,ASEG-057,,PROV-001,Salud,Cirugía,Guayaquil,2025-12-15,2025-12-17,18517,15431,0,34149,Pendiente,Atención médica de urgencia tras accidente doméstico.,true,0,2025-05-01,2026-05-09,1,16,1,0.64,43,AMARILLO,RF-05,Inconsistencia entre el informe pericial y la denuncia; Reporte tardío del siniestro,Se activaron reglas críticas (RF-05). El análisis heurístico arrojó un score de 43/100 (Inconsistencia entre el informe pericial y la denuncia; Reporte tardío del siniestro). El modelo ML estimó una probabilidad de fraude del 64% al comparar con casos históricos similares. El caso presenta riesgo MEDIO y amerita controles adicionales.,Solicitar documentación adicional y realizar una verificación de campo antes de continuar.,"Este resultado es una estimación de apoyo basada en patrones y no constituye una acusación. La decisión final corresponde siempre a un analista, presumiendo la buena fe del asegurado.",false
SIN-2026-1067,POL-2067,ASEG-052,,PROV-001,Vida,Renta,Manta,2025-11-01,2025-11-07,69343,55825,0,110882,Pendiente,Reclamo por fallecimiento del titular; pendiente documentación complementaria.,true,0,2025-06-14,2026-06-13,3,19,1,0.97,72,AMARILLO,RF-05,Inconsistencia entre el informe pericial y la denuncia; Documentación incompleta o ilegible,Se activaron reglas críticas (RF-05). El análisis heurístico arrojó un score de 72/100 (Inconsistencia entre el informe pericial y la denuncia; Documentación incompleta o ilegible). El modelo ML estimó una probabilidad de fraude del 97% al comparar con casos históricos similares. El caso presenta riesgo MEDIO y amerita controles adicionales.,Solicitar documentación adicional y realizar una verificación de campo antes de continuar.,"Este resultado es una estimación de apoyo basada en patrones y no constituye una acusación. La decisión final corresponde siempre a un analista, presumiendo la buena fe del asegurado.",false
SIN-2026-1068,POL-2068,ASEG-049,VEH-068,PROV-006,Vehículos,Robo,Manta,2025-10-14,2025-10-16,23176,18477,0,52818,En análisis,Pérdida total declarada tras incidente vial; el vehículo no fue recuperado.,true,0,2025-02-26,2026-02-27,4,30,0,0.35,45,AMARILLO,RF-05,Monto reclamado atípico respecto a la suma asegurada; Proveedor con historial recurrente de alertas,Se activaron reglas críticas (RF-05). El análisis heurístico arrojó un score de 45/100 (Monto reclamado atípico respecto a la suma asegurada; Proveedor con historial recurrente de alertas). El modelo ML no identificó patrones históricos de alto riesgo (probabilidad 35%). El caso presenta riesgo MEDIO y amerita controles adicionales.,Solicitar documentación adicional y realizar una verificación de campo antes de continuar.,"Este resultado es una estimación de apoyo basada en patrones y no constituye una acusación. La decisión final corresponde siempre a un analista, presumiendo la buena fe del asegurado.",false
SIN-2026-1069,POL-2069,ASEG-060,,PROV-008,Vida,Renta,Manta,2025-11-15,2025-11-23,38597,30701,0,74916,En análisis,Solicitud de indemnización por invalidez parcial permanente.,false,0,2025-05-07,2026-05-12,3,21,0,0.44,51,AMARILLO,RF-07,Inconsistencia entre el informe pericial y la denuncia; Historial elevado de reclamos del asegurado,Se activaron reglas críticas (RF-07). El análisis heurístico arrojó un score de 51/100 (Inconsistencia entre el informe pericial y la denuncia; Historial elevado de reclamos del asegurado). El modelo ML no identificó patrones históricos de alto riesgo (probabilidad 44%). El caso presenta riesgo MEDIO y amerita controles adicionales.,Solicitar documentación adicional y realizar una verificación de campo antes de continuar.,"Este resultado es una estimación de apoyo basada en patrones y no constituye una acusación. La decisión final corresponde siempre a un analista, presumiendo la buena fe del asegurado.",false
SIN-2026-1070,POL-2070,ASEG-019,,PROV-001,Vida,Invalidez,Quito,2025-12-10,2025-12-11,48116,37361,0,68274,En análisis,Solicitud de indemnización por invalidez parcial permanente.,false,0,2025-03-02,2026-03-03,1,93,0,0.11,63,AMARILLO,RF-05,Monto reclamado atípico respecto a la suma asegurada; Documentación incompleta o ilegible,Se activaron reglas críticas (RF-05). El análisis heurístico arrojó un score de 63/100 (Monto reclamado atípico respecto a la suma asegurada; Documentación incompleta o ilegible). El modelo ML no identificó patrones históricos de alto riesgo (probabilidad 11%). El caso presenta riesgo MEDIO y amerita controles adicionales.,Solicitar documentación adicional y realizar una verificación de campo antes de continuar.,"Este resultado es una estimación de apoyo basada en patrones y no constituye una acusación. La decisión final corresponde siempre a un analista, presumiendo la buena fe del asegurado.",false
SIN-2026-1071,POL-2071,ASEG-035,VEH-071,PROV-005,Vehículos,Robo,Ambato,2025-11-19,2025-11-26,12520,11160,0,31181,En análisis,Robo del vehículo en estacionamiento no vigilado durante horas de la noche.,true,0,2025-03-28,2026-03-20,0,83,0,0.36,8,VERDE,,Similitud narrativa con otros siniestros,No se activaron reglas críticas determinísticas. El análisis heurístico arrojó un score de 8/100 (Similitud narrativa con otros siniestros). El modelo ML no identificó patrones históricos de alto riesgo (probabilidad 36%). El caso presenta riesgo BAJO y puede seguir el trámite estándar.,Continuar con el trámite estándar; no se requieren controles adicionales.,"Este resultado es una estimación de apoyo basada en patrones y no constituye una acusación. La decisión final corresponde siempre a un analista, presumiendo la buena fe del asegurado.",false
SIN-2026-1072,POL-2072,ASEG-001,,PROV-009,Salud,Emergencia,Quito,2025-12-16,2025-12-21,14797,11701,11701,21156,Pagado,Reclamo por hospitalización de emergencia con intervención quirúrgica.,true,0,2025-02-07,2026-02-18,1,98,0,0.16,23,VERDE,,Siniestro ocurrido cerca del inicio de la póliza,No se activaron reglas críticas determinísticas. El análisis heurístico arrojó un score de 23/100 (Siniestro ocurrido cerca del inicio de la póliza). El modelo ML no identificó patrones históricos de alto riesgo (probabilidad 16%). El caso presenta riesgo BAJO y puede seguir el trámite estándar.,Continuar con el trámite estándar; no se requieren controles adicionales.,"Este resultado es una estimación de apoyo basada en patrones y no constituye una acusación. La decisión final corresponde siempre a un analista, presumiendo la buena fe del asegurado.",false
SIN-2026-1073,POL-2073,ASEG-020,,PROV-009,Salud,Cirugía,Quito,2025-12-23,2025-12-26,16532,13208,13208,33362,Pagado,Solicitud de reembolso por tratamiento ambulatorio prolongado.,false,0,2025-01-26,2026-01-15,1,95,0,0.24,34,VERDE,,Similitud narrativa con otros siniestros,No se activaron reglas críticas determinísticas. El análisis heurístico arrojó un score de 34/100 (Similitud narrativa con otros siniestros). El modelo ML no identificó patrones históricos de alto riesgo (probabilidad 24%). El caso presenta riesgo BAJO y puede seguir el trámite estándar.,Continuar con el trámite estándar; no se requieren controles adicionales.,"Este resultado es una estimación de apoyo basada en patrones y no constituye una acusación. La decisión final corresponde siempre a un analista, presumiendo la buena fe del asegurado.",false
SIN-2026-1074,POL-2074,ASEG-008,,PROV-004,Vida,Fallecimiento,Guayaquil,2025-10-23,2025-10-25,23613,17119,17119,31151,Pagado,Reclamo por fallecimiento del titular; pendiente documentación complementaria.,true,0,2025-01-03,2026-01-08,1,63,0,0.07,30,VERDE,,Monto reclamado atípico respecto a la suma asegurada,No se activaron reglas críticas determinísticas. El análisis heurístico arrojó un score de 30/100 (Monto reclamado atípico respecto a la suma asegurada). El modelo ML no identificó patrones históricos de alto riesgo (probabilidad 7%). El caso presenta riesgo BAJO y puede seguir el trámite estándar.,Continuar con el trámite estándar; no se requieren controles adicionales.,"Este resultado es una estimación de apoyo basada en patrones y no constituye una acusación. La decisión final corresponde siempre a un analista, presumiendo la buena fe del asegurado.",false
SIN-2026-1075,POL-2075,ASEG-058,,PROV-001,Salud,Ambulatorio,Guayaquil,2025-11-19,2025-11-20,5981,4893,0,13932,Pendiente,Atención médica de urgencia tras accidente doméstico.,true,0,2025-06-17,2026-06-27,1,54,0,0.09,34,VERDE,,Reporte tardío del siniestro,No se activaron reglas críticas determinísticas. El análisis heurístico arrojó un score de 34/100 (Reporte tardío del siniestro). El modelo ML no identificó patrones históricos de alto riesgo (probabilidad 9%). El caso presenta riesgo BAJO y puede seguir el trámite estándar.,Continuar con el trámite estándar; no se requieren controles adicionales.,"Este resultado es una estimación de apoyo basada en patrones y no constituye una acusación. La decisión final corresponde siempre a un analista, presumiendo la buena fe del asegurado.",false
SIN-2026-1076,POL-2076,ASEG-011,,PROV-002,Vida,Invalidez,Ambato,2025-12-12,2025-12-18,91156,76979,76979,155202,Pagado,Reclamo por fallecimiento del titular; pendiente documentación complementaria.,true,0,2025-06-02,2026-06-14,1,75,0,0.33,27,VERDE,,Siniestro ocurrido cerca del inicio de la póliza,No se activaron reglas críticas determinísticas. El análisis heurístico arrojó un score de 27/100 (Siniestro ocurrido cerca del inicio de la póliza). El modelo ML no identificó patrones históricos de alto riesgo (probabilidad 33%). El caso presenta riesgo BAJO y puede seguir el trámite estándar.,Continuar con el trámite estándar; no se requieren controles adicionales.,"Este resultado es una estimación de apoyo basada en patrones y no constituye una acusación. La decisión final corresponde siempre a un analista, presumiendo la buena fe del asegurado.",false
SIN-2026-1077,POL-2077,ASEG-037,VEH-077,PROV-002,Vehículos,Robo,Guayaquil,2025-10-18,2025-10-24,23048,17762,17762,41481,Pagado,El asegurado reporta colisión en vía pública con daños en la parte frontal del vehículo.,true,0,2025-06-06,2026-06-02,1,90,0,0.11,6,VERDE,,Reporte tardío del siniestro,No se activaron reglas críticas determinísticas. El análisis heurístico arrojó un score de 6/100 (Reporte tardío del siniestro). El modelo ML no identificó patrones históricos de alto riesgo (probabilidad 11%). El caso presenta riesgo BAJO y puede seguir el trámite estándar.,Continuar con el trámite estándar; no se requieren controles adicionales.,"Este resultado es una estimación de apoyo basada en patrones y no constituye una acusación. La decisión final corresponde siempre a un analista, presumiendo la buena fe del asegurado.",false
SIN-2026-1078,POL-2078,ASEG-039,,PROV-009,Salud,Emergencia,Quito,2025-12-18,2025-12-21,29204,21728,0,53397,En análisis,Atención médica de urgencia tras accidente doméstico.,true,0,2025-07-05,2026-07-13,2,2,0,0.19,4,VERDE,,Historial elevado de reclamos del asegurado,No se activaron reglas críticas determinísticas. El análisis heurístico arrojó un score de 4/100 (Historial elevado de reclamos del asegurado). El modelo ML no identificó patrones históricos de alto riesgo (probabilidad 19%). El caso presenta riesgo BAJO y puede seguir el trámite estándar.,Continuar con el trámite estándar; no se requieren controles adicionales.,"Este resultado es una estimación de apoyo basada en patrones y no constituye una acusación. La decisión final corresponde siempre a un analista, presumiendo la buena fe del asegurado.",false
SIN-2026-1079,POL-2079,ASEG-030,VEH-079,PROV-010,Vehículos,Colisión,Quito,2025-10-20,2025-10-26,9815,7105,7105,20050,Pagado,Daños por impacto lateral atribuidos a un tercero no identificado.,false,0,2025-08-07,2026-08-11,0,22,0,0.08,22,VERDE,,Reporte tardío del siniestro,No se activaron reglas críticas determinísticas. El análisis heurístico arrojó un score de 22/100 (Reporte tardío del siniestro). El modelo ML no identificó patrones históricos de alto riesgo (probabilidad 8%). El caso presenta riesgo BAJO y puede seguir el trámite estándar.,Continuar con el trámite estándar; no se requieren controles adicionales.,"Este resultado es una estimación de apoyo basada en patrones y no constituye una acusación. La decisión final corresponde siempre a un analista, presumiendo la buena fe del asegurado.",false
SIN-2026-1080,POL-2080,ASEG-020,,PROV-006,Salud,Hospitalización,Guayaquil,2025-11-04,2025-11-07,2718,2367,2367,4418,Pagado,Solicitud de reembolso por tratamiento ambulatorio prolongado.,true,0,2025-02-01,2026-02-03,0,55,0,0.31,35,VERDE,,Documentación incompleta o ilegible,No se activaron reglas críticas determinísticas. El análisis heurístico arrojó un score de 35/100 (Documentación incompleta o ilegible). El modelo ML no identificó patrones históricos de alto riesgo (probabilidad 31%). El caso presenta riesgo BAJO y puede seguir el trámite estándar.,Continuar con el trámite estándar; no se requieren controles adicionales.,"Este resultado es una estimación de apoyo basada en patrones y no constituye una acusación. La decisión final corresponde siempre a un analista, presumiendo la buena fe del asegurado.",false
SIN-2026-1081,POL-2081,ASEG-011,,PROV-010,Salud,Ambulatorio,Quito,2025-12-23,2025-12-28,18324,15748,0,41692,En análisis,Solicitud de reembolso por tratamiento ambulatorio prolongado.,true,0,2025-02-19,2026-02-27,0,26,1,0.76,24,VERDE,,Similitud narrativa con otros siniestros,No se activaron reglas críticas determinísticas. El análisis heurístico arrojó un score de 24/100 (Similitud narrativa con otros siniestros). El modelo ML estimó una probabilidad de fraude del 76% al comparar con casos históricos similares. El caso presenta riesgo BAJO y puede seguir el trámite estándar.,Continuar con el trámite estándar; no se requieren controles adicionales.,"Este resultado es una estimación de apoyo basada en patrones y no constituye una acusación. La decisión final corresponde siempre a un analista, presumiendo la buena fe del asegurado.",false
SIN-2026-1082,POL-2082,ASEG-018,,PROV-004,Hogar,Robo domiciliario,Manta,2025-12-03,2025-12-09,13708,9708,0,19478,Pendiente,Daños por filtración de agua que afectaron mobiliario y estructura.,true,0,2025-01-09,2026-01-08,2,79,1,0.6,29,VERDE,,Documentación incompleta o ilegible,No se activaron reglas críticas determinísticas. El análisis heurístico arrojó un score de 29/100 (Documentación incompleta o ilegible). El modelo ML estimó una probabilidad de fraude del 60% al comparar con casos históricos similares. El caso presenta riesgo BAJO y puede seguir el trámite estándar.,Continuar con el trámite estándar; no se requieren controles adicionales.,"Este resultado es una estimación de apoyo basada en patrones y no constituye una acusación. La decisión final corresponde siempre a un analista, presumiendo la buena fe del asegurado.",false
SIN-2026-1083,POL-2083,ASEG-050,,PROV-002,Vida,Invalidez,Loja,2025-10-17,2025-10-19,77588,69006,69006,149064,Pagado,Solicitud de indemnización por invalidez parcial permanente.,true,0,2025-02-07,2026-02-19,2,6,0,0.06,39,VERDE,,Reporte tardío del siniestro,No se activaron reglas críticas determinísticas. El análisis heurístico arrojó un score de 39/100 (Reporte tardío del siniestro). El modelo ML no identificó patrones históricos de alto riesgo (probabilidad 6%). El caso presenta riesgo BAJO y puede seguir el trámite estándar.,Continuar con el trámite estándar; no se requieren controles adicionales.,"Este resultado es una estimación de apoyo basada en patrones y no constituye una acusación. La decisión final corresponde siempre a un analista, presumiendo la buena fe del asegurado.",false
SIN-2026-1084,POL-2084,ASEG-035,,PROV-010,Vida,Renta,Manta,2025-10-02,2025-10-06,96908,80100,0,237006,Pendiente,Reclamo por fallecimiento del titular; pendiente documentación complementaria.,true,0,2025-01-11,2026-01-19,2,70,0,0.13,33,VERDE,,Historial elevado de reclamos del asegurado,No se activaron reglas críticas determinísticas. El análisis heurístico arrojó un score de 33/100 (Historial elevado de reclamos del asegurado). El modelo ML no identificó patrones históricos de alto riesgo (probabilidad 13%). El caso presenta riesgo BAJO y puede seguir el trámite estándar.,Continuar con el trámite estándar; no se requieren controles adicionales.,"Este resultado es una estimación de apoyo basada en patrones y no constituye una acusación. La decisión final corresponde siempre a un analista, presumiendo la buena fe del asegurado.",false
SIN-2026-1085,POL-2085,ASEG-058,,PROV-005,Salud,Hospitalización,Guayaquil,2025-11-13,2025-11-14,16850,14996,14996,30726,Pagado,Reclamo por hospitalización de emergencia con intervención quirúrgica.,true,0,2025-05-18,2026-05-13,0,94,0,0.23,39,VERDE,,Reporte tardío del siniestro,No se activaron reglas críticas determinísticas. El análisis heurístico arrojó un score de 39/100 (Reporte tardío del siniestro). El modelo ML no identificó patrones históricos de alto riesgo (probabilidad 23%). El caso presenta riesgo BAJO y puede seguir el trámite estándar.,Continuar con el trámite estándar; no se requieren controles adicionales.,"Este resultado es una estimación de apoyo basada en patrones y no constituye una acusación. La decisión final corresponde siempre a un analista, presumiendo la buena fe del asegurado.",false
SIN-2026-1086,POL-2086,ASEG-029,,PROV-005,Salud,Hospitalización,Quito,2025-10-02,2025-10-06,5000,4021,0,8060,En análisis,Atención médica de urgencia tras accidente doméstico.,true,0,2025-02-01,2026-02-26,1,91,0,0.09,21,VERDE,,Historial elevado de reclamos del asegurado,No se activaron reglas críticas determinísticas. El análisis heurístico arrojó un score de 21/100 (Historial elevado de reclamos del asegurado). El modelo ML no identificó patrones históricos de alto riesgo (probabilidad 9%). El caso presenta riesgo BAJO y puede seguir el trámite estándar.,Continuar con el trámite estándar; no se requieren controles adicionales.,"Este resultado es una estimación de apoyo basada en patrones y no constituye una acusación. La decisión final corresponde siempre a un analista, presumiendo la buena fe del asegurado.",false
SIN-2026-1087,POL-2087,ASEG-052,VEH-087,PROV-009,Vehículos,Colisión,Ambato,2025-10-10,2025-10-15,38810,28666,0,80105,En análisis,Daños por impacto lateral atribuidos a un tercero no identificado.,false,0,2025-02-21,2026-02-22,0,93,0,0.39,3,VERDE,,Monto reclamado atípico respecto a la suma asegurada,No se activaron reglas críticas determinísticas. El análisis heurístico arrojó un score de 3/100 (Monto reclamado atípico respecto a la suma asegurada). El modelo ML no identificó patrones históricos de alto riesgo (probabilidad 39%). El caso presenta riesgo BAJO y puede seguir el trámite estándar.,Continuar con el trámite estándar; no se requieren controles adicionales.,"Este resultado es una estimación de apoyo basada en patrones y no constituye una acusación. La decisión final corresponde siempre a un analista, presumiendo la buena fe del asegurado.",false
SIN-2026-1088,POL-2088,ASEG-023,,PROV-001,Salud,Ambulatorio,Quito,2025-12-14,2025-12-20,7849,6644,0,10861,En análisis,Solicitud de reembolso por tratamiento ambulatorio prolongado.,true,0,2025-02-17,2026-02-20,2,55,0,0.36,8,VERDE,,Reporte tardío del siniestro,No se activaron reglas críticas determinísticas. El análisis heurístico arrojó un score de 8/100 (Reporte tardío del siniestro). El modelo ML no identificó patrones históricos de alto riesgo (probabilidad 36%). El caso presenta riesgo BAJO y puede seguir el trámite estándar.,Continuar con el trámite estándar; no se requieren controles adicionales.,"Este resultado es una estimación de apoyo basada en patrones y no constituye una acusación. La decisión final corresponde siempre a un analista, presumiendo la buena fe del asegurado.",false
SIN-2026-1089,POL-2089,ASEG-048,VEH-089,PROV-005,Vehículos,Daños a terceros,Quito,2025-10-17,2025-10-19,44621,32513,32513,94608,Pagado,Daños por impacto lateral atribuidos a un tercero no identificado.,true,0,2025-03-09,2026-03-16,1,90,0,0.41,25,VERDE,,Documentación incompleta o ilegible,No se activaron reglas críticas determinísticas. El análisis heurístico arrojó un score de 25/100 (Documentación incompleta o ilegible). El modelo ML no identificó patrones históricos de alto riesgo (probabilidad 41%). El caso presenta riesgo BAJO y puede seguir el trámite estándar.,Continuar con el trámite estándar; no se requieren controles adicionales.,"Este resultado es una estimación de apoyo basada en patrones y no constituye una acusación. La decisión final corresponde siempre a un analista, presumiendo la buena fe del asegurado.",false
SIN-2026-1090,POL-2090,ASEG-029,,PROV-004,Hogar,Daños por agua,Quito,2025-10-10,2025-10-18,8105,6044,6044,13498,Pagado,Daños por incendio de origen eléctrico en la vivienda asegurada.,true,0,2025-07-05,2026-07-27,0,14,0,0.41,36,VERDE,,Inconsistencia entre el informe pericial y la denuncia,No se activaron reglas críticas determinísticas. El análisis heurístico arrojó un score de 36/100 (Inconsistencia entre el informe pericial y la denuncia). El modelo ML no identificó patrones históricos de alto riesgo (probabilidad 41%). El caso presenta riesgo BAJO y puede seguir el trámite estándar.,Continuar con el trámite estándar; no se requieren controles adicionales.,"Este resultado es una estimación de apoyo basada en patrones y no constituye una acusación. La decisión final corresponde siempre a un analista, presumiendo la buena fe del asegurado.",false
SIN-2026-1091,POL-2091,ASEG-024,,PROV-006,Hogar,Robo domiciliario,Cuenca,2025-11-23,2025-11-25,18514,15493,0,24782,Pendiente,Robo domiciliario con sustracción de bienes; denuncia presentada.,true,0,2025-04-22,2026-04-17,2,24,0,0.06,29,VERDE,,Monto reclamado atípico respecto a la suma asegurada,No se activaron reglas críticas determinísticas. El análisis heurístico arrojó un score de 29/100 (Monto reclamado atípico respecto a la suma asegurada). El modelo ML no identificó patrones históricos de alto riesgo (probabilidad 6%). El caso presenta riesgo BAJO y puede seguir el trámite estándar.,Continuar con el trámite estándar; no se requieren controles adicionales.,"Este resultado es una estimación de apoyo basada en patrones y no constituye una acusación. La decisión final corresponde siempre a un analista, presumiendo la buena fe del asegurado.",false
SIN-2026-1092,POL-2092,ASEG-054,,PROV-005,Hogar,Responsabilidad civil,Quito,2025-10-21,2025-10-28,14736,12015,12015,30746,Pagado,Daños por incendio de origen eléctrico en la vivienda asegurada.,true,0,2025-07-11,2026-07-12,2,20,0,0.14,6,VERDE,,Reporte tardío del siniestro,No se activaron reglas críticas determinísticas. El análisis heurístico arrojó un score de 6/100 (Reporte tardío del siniestro). El modelo ML no identificó patrones históricos de alto riesgo (probabilidad 14%). El caso presenta riesgo BAJO y puede seguir el trámite estándar.,Continuar con el trámite estándar; no se requieren controles adicionales.,"Este resultado es una estimación de apoyo basada en patrones y no constituye una acusación. La decisión final corresponde siempre a un analista, presumiendo la buena fe del asegurado.",false
SIN-2026-1093,POL-2093,ASEG-042,,PROV-009,Hogar,Responsabilidad civil,Manta,2025-12-13,2025-12-14,11705,8345,0,23859,Pendiente,Robo domiciliario con sustracción de bienes; denuncia presentada.,true,0,2025-08-04,2026-08-21,1,94,0,0.03,7,VERDE,,Similitud narrativa con otros siniestros,No se activaron reglas críticas determinísticas. El análisis heurístico arrojó un score de 7/100 (Similitud narrativa con otros siniestros). El modelo ML no identificó patrones históricos de alto riesgo (probabilidad 3%). El caso presenta riesgo BAJO y puede seguir el trámite estándar.,Continuar con el trámite estándar; no se requieren controles adicionales.,"Este resultado es una estimación de apoyo basada en patrones y no constituye una acusación. La decisión final corresponde siempre a un analista, presumiendo la buena fe del asegurado.",false
SIN-2026-1094,POL-2094,ASEG-024,,PROV-006,Vida,Renta,Quito,2025-10-18,2025-10-21,101205,94604,0,224374,En análisis,Solicitud de indemnización por invalidez parcial permanente.,true,0,2025-04-16,2026-04-12,1,67,0,0.1,12,VERDE,,Similitud narrativa con otros siniestros,No se activaron reglas críticas determinísticas. El análisis heurístico arrojó un score de 12/100 (Similitud narrativa con otros siniestros). El modelo ML no identificó patrones históricos de alto riesgo (probabilidad 10%). El caso presenta riesgo BAJO y puede seguir el trámite estándar.,Continuar con el trámite estándar; no se requieren controles adicionales.,"Este resultado es una estimación de apoyo basada en patrones y no constituye una acusación. La decisión final corresponde siempre a un analista, presumiendo la buena fe del asegurado.",false
SIN-2026-1095,POL-2095,ASEG-050,,PROV-010,Salud,Emergencia,Guayaquil,2025-11-10,2025-11-16,7030,5685,5685,9835,Pagado,Reclamo por hospitalización de emergencia con intervención quirúrgica.,true,0,2025-04-24,2026-04-21,1,62,0,0.46,4,VERDE,,Documentación incompleta o ilegible,No se activaron reglas críticas determinísticas. El análisis heurístico arrojó un score de 4/100 (Documentación incompleta o ilegible). El modelo ML no identificó patrones históricos de alto riesgo (probabilidad 46%). El caso presenta riesgo BAJO y puede seguir el trámite estándar.,Continuar con el trámite estándar; no se requieren controles adicionales.,"Este resultado es una estimación de apoyo basada en patrones y no constituye una acusación. La decisión final corresponde siempre a un analista, presumiendo la buena fe del asegurado.",false
SIN-2026-1096,POL-2096,ASEG-025,VEH-096,PROV-010,Vehículos,Pérdida total,Guayaquil,2025-10-03,2025-10-09,20406,18466,0,48345,En análisis,El asegurado reporta colisión en vía pública con daños en la parte frontal del vehículo.,true,0,2025-01-27,2026-01-22,0,14,0,0.44,29,VERDE,,Siniestro ocurrido cerca del inicio de la póliza,No se activaron reglas críticas determinísticas. El análisis heurístico arrojó un score de 29/100 (Siniestro ocurrido cerca del inicio de la póliza). El modelo ML no identificó patrones históricos de alto riesgo (probabilidad 44%). El caso presenta riesgo BAJO y puede seguir el trámite estándar.,Continuar con el trámite estándar; no se requieren controles adicionales.,"Este resultado es una estimación de apoyo basada en patrones y no constituye una acusación. La decisión final corresponde siempre a un analista, presumiendo la buena fe del asegurado.",false
SIN-2026-1097,POL-2097,ASEG-058,,PROV-006,Salud,Ambulatorio,Guayaquil,2025-10-11,2025-10-16,3909,3587,3587,8685,Pagado,Solicitud de reembolso por tratamiento ambulatorio prolongado.,true,0,2025-04-28,2026-04-24,0,39,0,0.07,0,VERDE,,Monto reclamado atípico respecto a la suma asegurada,No se activaron reglas críticas determinísticas. El análisis heurístico arrojó un score de 0/100 (Monto reclamado atípico respecto a la suma asegurada). El modelo ML no identificó patrones históricos de alto riesgo (probabilidad 7%). El caso presenta riesgo BAJO y puede seguir el trámite estándar.,Continuar con el trámite estándar; no se requieren controles adicionales.,"Este resultado es una estimación de apoyo basada en patrones y no constituye una acusación. La decisión final corresponde siempre a un analista, presumiendo la buena fe del asegurado.",false
SIN-2026-1098,POL-2098,ASEG-002,VEH-098,PROV-006,Vehículos,Pérdida total,Guayaquil,2025-10-08,2025-10-14,33847,24399,0,70979,Pendiente,Robo del vehículo en estacionamiento no vigilado durante horas de la noche.,true,0,2025-09-04,2026-09-07,0,89,1,0.74,35,VERDE,,Historial elevado de reclamos del asegurado,No se activaron reglas críticas determinísticas. El análisis heurístico arrojó un score de 35/100 (Historial elevado de reclamos del asegurado). El modelo ML estimó una probabilidad de fraude del 74% al comparar con casos históricos similares. El caso presenta riesgo BAJO y puede seguir el trámite estándar.,Continuar con el trámite estándar; no se requieren controles adicionales.,"Este resultado es una estimación de apoyo basada en patrones y no constituye una acusación. La decisión final corresponde siempre a un analista, presumiendo la buena fe del asegurado.",false
SIN-2026-1099,POL-2099,ASEG-025,VEH-099,PROV-008,Vehículos,Daños a terceros,Quito,2025-12-04,2025-12-07,28458,20966,0,40272,En análisis,Pérdida total declarada tras incidente vial; el vehículo no fue recuperado.,true,0,2025-06-25,2026-06-24,0,41,0,0.44,15,VERDE,,Proveedor con historial recurrente de alertas,No se activaron reglas críticas determinísticas. El análisis heurístico arrojó un score de 15/100 (Proveedor con historial recurrente de alertas). El modelo ML no identificó patrones históricos de alto riesgo (probabilidad 44%). El caso presenta riesgo BAJO y puede seguir el trámite estándar.,Continuar con el trámite estándar; no se requieren controles adicionales.,"Este resultado es una estimación de apoyo basada en patrones y no constituye una acusación. La decisión final corresponde siempre a un analista, presumiendo la buena fe del asegurado.",false
SIN-2026-1100,POL-2100,ASEG-044,,PROV-009,Hogar,Daños por agua,Guayaquil,2025-11-10,2025-11-11,20449,16966,16966,33252,Pagado,Robo domiciliario con sustracción de bienes; denuncia presentada.,true,0,2025-05-18,2026-05-27,1,29,0,0.02,24,VERDE,,Proveedor con historial recurrente de alertas,No se activaron reglas críticas determinísticas. El análisis heurístico arrojó un score de 24/100 (Proveedor con historial recurrente de alertas). El modelo ML no identificó patrones históricos de alto riesgo (probabilidad 2%). El caso presenta riesgo BAJO y puede seguir el trámite estándar.,Continuar con el trámite estándar; no se requieren controles adicionales.,"Este resultado es una estimación de apoyo basada en patrones y no constituye una acusación. La decisión final corresponde siempre a un analista, presumiendo la buena fe del asegurado.",false
